order_id,customer_id,product_id,quantity,order_date
1,1421,221,5,02-12-2023
2,32,229,1,11-06-2023
3,1224,1541,1,21-02-2023
4,1191,160,3,05-06-2023
5,751,1210,2,13-09-2023
6,146,1712,3,16-10-2023
7,189,52,5,14-04-2023
8,876,881,3,13-06-2023
9,1247,1546,4,16-08-2023
10,957,1347,4,21-07-2023
11,34,406,4,24-05-2023
12,611,1001,3,16-07-2023
13,169,1707,5,02-12-2023
14,1344,348,3,04-09-2023
15,1874,1447,2,15-03-2023
16,1696,192,2,05-07-2023
17,1501,807,1,23-12-2023
18,1515,41,2,23-11-2023
19,1301,1133,1,15-08-2023
20,933,1902,5,25-08-2023
21,1215,156,5,12-04-2023
22,152,724,2,25-10-2023
23,923,1283,5,28-09-2023
24,1482,1376,2,03-04-2023
25,53,1239,4,18-02-2023
26,102,873,1,10-11-2023
27,306,1669,4,16-11-2023
28,1050,444,1,29-09-2023
29,244,787,5,30-04-2023
30,1485,199,3,18-01-2023
31,437,655,1,26-05-2023
32,828,958,5,19-10-2023
33,535,1343,5,02-05-2023
34,852,1358,2,21-07-2023
35,837,954,1,17-10-2023
36,730,1111,2,01-08-2023
37,1410,1323,4,01-07-2023
38,78,1796,3,21-02-2023
39,285,1725,2,06-10-2023
40,745,1148,2,11-04-2023
41,710,1172,3,05-08-2023
42,193,570,2,20-03-2023
43,1570,206,1,16-06-2023
44,1889,1749,5,16-03-2023
45,478,930,5,06-04-2023
46,1014,1136,1,14-10-2023
47,1214,1487,4,24-04-2023
48,1057,415,2,26-05-2023
49,1326,97,1,05-05-2023
50,1071,664,2,14-09-2023
51,1889,1956,2,09-01-2023
52,1959,1289,2,10-10-2023
53,655,943,4,29-06-2023
54,196,692,4,16-08-2023
55,1700,1878,3,17-09-2023
56,839,1161,3,09-05-2023
57,1396,1770,2,23-06-2023
58,1492,1865,5,19-08-2023
59,750,401,5,25-08-2023
60,1417,1494,2,01-11-2023
61,1981,126,3,06-04-2023
62,174,1012,5,23-05-2023
63,366,1861,4,29-05-2023
64,1312,1471,2,04-06-2023
65,1055,102,2,28-02-2023
66,176,627,1,06-10-2023
67,1814,1548,2,02-02-2023
68,1,449,4,18-01-2023
69,1648,128,1,11-11-2023
70,500,536,2,25-07-2023
71,465,305,5,03-04-2023
72,1548,104,3,24-10-2023
73,1246,95,1,18-10-2023
74,1987,1948,2,18-02-2023
75,542,698,2,09-09-2023
76,1882,200,1,25-01-2023
77,297,1747,3,22-01-2023
78,1771,1098,1,20-03-2023
79,428,1501,2,13-09-2023
80,19,1958,4,12-07-2023
81,580,908,2,21-09-2023
82,194,1809,3,24-06-2023
83,782,695,2,26-09-2023
84,1920,384,1,31-05-2023
85,825,907,4,28-12-2023
86,614,1171,4,16-12-2023
87,177,590,4,23-03-2023
88,1317,811,4,15-01-2023
89,1762,1312,5,08-10-2023
90,1843,1360,4,30-08-2023
91,1840,1513,4,19-08-2023
92,1139,1382,2,28-10-2023
93,691,761,3,23-05-2023
94,1819,809,1,12-09-2023
95,322,1182,2,28-01-2023
96,865,649,1,25-09-2023
97,1459,1092,4,31-05-2023
98,1400,1404,3,09-02-2023
99,1898,1737,4,01-04-2023
100,1784,119,2,20-06-2023
101,1259,922,5,03-11-2023
102,1683,1980,5,04-01-2023
103,449,1003,2,11-01-2023
104,1776,852,4,07-02-2023
105,1902,403,3,05-04-2023
106,911,333,1,20-08-2023
107,1827,1069,3,24-10-2023
108,764,1389,5,18-11-2023
109,1252,894,3,27-01-2023
110,1979,1748,2,25-03-2023
111,349,378,5,02-07-2023
112,1917,70,3,02-08-2023
113,1891,1199,3,16-10-2023
114,138,782,4,18-11-2023
115,1965,191,3,30-03-2023
116,778,1924,2,05-02-2023
117,718,518,4,07-11-2023
118,948,1715,4,29-04-2023
119,42,544,2,08-09-2023
120,352,704,1,08-01-2023
121,881,1742,4,11-10-2023
122,1191,520,5,02-05-2023
123,708,886,5,20-02-2023
124,375,1891,2,28-05-2023
125,1366,348,3,20-08-2023
126,1279,82,3,31-10-2023
127,1272,749,4,11-06-2023
128,178,1657,4,05-06-2023
129,1992,1725,2,04-10-2023
130,1041,396,2,02-04-2023
131,797,263,2,15-06-2023
132,369,558,3,02-11-2023
133,740,183,4,27-07-2023
134,432,1451,4,15-07-2023
135,1268,44,1,26-09-2023
136,222,1232,4,26-10-2023
137,1260,1951,5,15-05-2023
138,1310,648,4,29-08-2023
139,688,1551,1,31-10-2023
140,240,1071,1,06-11-2023
141,1332,1008,2,25-11-2023
142,1081,836,5,26-08-2023
143,1861,1893,2,30-06-2023
144,191,826,5,18-07-2023
145,1116,1134,5,17-10-2023
146,1848,655,1,15-08-2023
147,769,55,2,19-05-2023
148,693,1078,4,15-09-2023
149,1537,1237,4,21-12-2023
150,1974,1227,1,12-05-2023
151,1689,1336,1,23-02-2023
152,898,416,4,17-05-2023
153,767,1102,5,06-09-2023
154,1670,430,4,22-11-2023
155,572,91,3,14-03-2023
156,40,787,1,10-09-2023
157,1402,1237,4,28-11-2023
158,184,703,3,30-12-2023
159,959,1485,5,25-01-2023
160,1180,816,1,22-05-2023
161,7,91,3,16-05-2023
162,1695,312,5,20-07-2023
163,350,1008,3,19-04-2023
164,946,255,3,03-09-2023
165,955,423,3,21-12-2023
166,21,1199,1,08-07-2023
167,133,1533,2,02-07-2023
168,41,1078,2,10-03-2023
169,1530,1873,4,16-10-2023
170,1003,338,1,17-04-2023
171,205,842,4,19-03-2023
172,1657,1918,4,02-04-2023
173,1974,295,1,10-07-2023
174,350,212,4,03-07-2023
175,390,519,4,22-11-2023
176,1035,1369,5,16-09-2023
177,183,1538,2,12-07-2023
178,1259,778,2,08-09-2023
179,126,1395,3,21-06-2023
180,64,1407,3,08-09-2023
181,477,1673,3,30-01-2023
182,1073,710,2,01-02-2023
183,1553,34,3,22-12-2023
184,627,738,3,23-07-2023
185,419,542,3,15-10-2023
186,1433,699,4,14-03-2023
187,1013,747,3,25-02-2023
188,1310,220,4,06-09-2023
189,299,1111,2,12-06-2023
190,1771,1182,3,20-01-2023
191,2000,1789,4,06-08-2023
192,539,1647,3,22-05-2023
193,1801,905,3,26-06-2023
194,738,877,4,27-06-2023
195,80,2000,2,05-09-2023
196,512,805,2,24-06-2023
197,7,78,1,13-08-2023
198,997,1308,4,01-12-2023
199,1548,617,4,21-03-2023
200,1348,523,2,29-10-2023
201,115,758,3,18-10-2023
202,782,930,5,22-01-2023
203,1560,920,1,03-04-2023
204,714,1605,2,15-12-2023
205,59,656,5,02-11-2023
206,1794,321,4,30-11-2023
207,1808,1609,3,25-10-2023
208,1262,894,1,23-09-2023
209,636,1524,4,15-01-2023
210,1902,1230,5,25-01-2023
211,243,805,4,01-12-2023
212,975,1100,3,13-06-2023
213,532,1540,1,25-01-2023
214,558,997,1,27-06-2023
215,632,1642,2,10-09-2023
216,328,238,2,28-03-2023
217,200,344,3,02-01-2023
218,452,1689,1,28-10-2023
219,1568,495,1,03-07-2023
220,1167,1272,2,04-05-2023
221,1936,1621,2,16-02-2023
222,150,1952,1,23-05-2023
223,1277,1526,4,28-07-2023
224,405,731,1,23-08-2023
225,354,1977,3,31-08-2023
226,116,135,1,23-09-2023
227,900,793,2,16-10-2023
228,1777,1071,3,19-11-2023
229,459,1515,5,02-08-2023
230,1650,761,2,19-10-2023
231,593,998,2,25-02-2023
232,1571,512,2,26-06-2023
233,1973,1035,5,12-11-2023
234,1255,522,2,27-01-2023
235,656,351,2,24-05-2023
236,136,1052,5,24-05-2023
237,1060,949,2,21-08-2023
238,412,1949,4,25-05-2023
239,430,473,4,07-04-2023
240,539,660,3,13-10-2023
241,127,713,1,05-03-2023
242,460,1513,4,30-09-2023
243,1887,68,1,18-11-2023
244,777,613,1,07-11-2023
245,464,550,3,09-01-2023
246,51,553,2,03-06-2023
247,989,480,4,22-06-2023
248,1754,1959,1,10-09-2023
249,262,1592,1,26-07-2023
250,371,1160,4,21-10-2023
251,1423,433,1,20-07-2023
252,1582,491,3,05-06-2023
253,1222,1617,1,03-11-2023
254,38,1426,4,23-05-2023
255,248,45,1,22-07-2023
256,1305,1636,1,04-04-2023
257,1534,721,5,02-03-2023
258,1386,187,3,12-08-2023
259,860,104,2,21-07-2023
260,1562,1009,4,11-05-2023
261,25,1317,5,15-09-2023
262,1106,797,2,03-08-2023
263,106,959,5,19-06-2023
264,584,756,4,21-01-2023
265,132,459,1,28-12-2023
266,572,1399,3,23-10-2023
267,903,457,2,28-01-2023
268,1288,605,2,08-04-2023
269,1893,1409,5,26-11-2023
270,1266,453,3,07-08-2023
271,1209,276,5,05-12-2023
272,1108,1158,5,17-10-2023
273,1717,24,2,18-05-2023
274,1313,1662,3,04-07-2023
275,1515,1927,5,28-02-2023
276,1646,894,2,26-10-2023
277,867,1466,5,30-07-2023
278,182,1698,3,09-01-2023
279,1708,894,1,17-02-2023
280,549,1797,4,18-08-2023
281,1394,1476,3,29-09-2023
282,156,1283,5,30-12-2023
283,489,721,4,22-08-2023
284,1467,1205,1,30-07-2023
285,1135,1892,2,15-04-2023
286,273,1067,2,21-07-2023
287,1480,117,1,13-05-2023
288,90,1649,2,10-08-2023
289,1040,466,2,12-12-2023
290,1816,734,5,02-06-2023
291,1325,58,3,17-09-2023
292,1384,1639,2,29-07-2023
293,1644,590,5,09-01-2023
294,1169,65,3,07-12-2023
295,709,1482,5,09-05-2023
296,59,717,4,05-01-2023
297,958,554,5,25-07-2023
298,725,1607,5,20-05-2023
299,1981,117,4,14-03-2023
300,884,185,2,21-08-2023
301,1423,507,3,03-01-2023
302,703,1860,3,10-09-2023
303,202,985,5,03-11-2023
304,1009,1624,5,08-11-2023
305,1065,387,2,25-11-2023
306,649,69,3,21-11-2023
307,1523,980,3,05-06-2023
308,1897,383,4,16-08-2023
309,339,1333,3,24-09-2023
310,1477,1413,3,28-07-2023
311,786,1812,3,06-05-2023
312,1499,1013,3,27-01-2023
313,748,901,4,28-10-2023
314,1588,1869,4,06-12-2023
315,1668,786,1,30-08-2023
316,465,823,1,29-11-2023
317,1467,589,5,18-04-2023
318,1569,766,5,11-10-2023
319,876,229,2,12-03-2023
320,1592,1549,3,17-12-2023
321,1437,132,4,30-07-2023
322,1525,35,5,06-08-2023
323,1226,86,1,20-03-2023
324,1857,1388,3,11-08-2023
325,1,539,4,21-03-2023
326,1110,341,1,04-03-2023
327,3,518,3,17-02-2023
328,1991,1891,2,27-05-2023
329,1595,772,3,02-10-2023
330,1434,878,2,08-04-2023
331,1685,1094,3,11-02-2023
332,139,188,1,25-09-2023
333,1935,1739,5,06-06-2023
334,1222,389,5,24-03-2023
335,1926,1765,1,31-01-2023
336,122,541,2,05-11-2023
337,1159,1126,1,22-11-2023
338,1873,1585,3,11-07-2023
339,64,326,5,28-01-2023
340,397,1587,4,06-04-2023
341,828,1914,4,10-10-2023
342,62,502,1,03-03-2023
343,1448,510,1,23-03-2023
344,38,1862,3,28-12-2023
345,1357,1684,2,04-12-2023
346,1212,409,4,17-12-2023
347,721,813,4,22-10-2023
348,1958,16,3,08-11-2023
349,960,250,5,07-06-2023
350,1755,1971,1,12-06-2023
351,1701,834,5,04-10-2023
352,1425,1856,1,29-12-2023
353,888,33,3,07-01-2023
354,1154,1491,5,01-01-2024
355,513,1142,4,01-01-2024
356,1040,829,3,15-11-2023
357,741,1521,2,10-12-2023
358,116,1681,1,06-12-2023
359,1806,121,2,12-01-2023
360,948,360,1,12-04-2023
361,1176,502,2,09-01-2023
362,136,1875,3,16-12-2023
363,397,1430,3,09-04-2023
364,500,1235,3,03-02-2023
365,36,1342,4,05-11-2023
366,780,415,4,12-01-2023
367,1655,1621,1,06-07-2023
368,1256,360,4,31-01-2023
369,940,515,4,31-08-2023
370,651,549,3,07-11-2023
371,703,1721,1,12-02-2023
372,1248,158,3,26-10-2023
373,1999,238,1,17-12-2023
374,1494,253,5,20-09-2023
375,1459,795,1,03-02-2023
376,112,1145,2,06-07-2023
377,1831,1764,1,30-04-2023
378,542,158,3,28-04-2023
379,644,385,2,03-02-2023
380,1010,1228,5,03-07-2023
381,1278,1245,5,09-02-2023
382,845,642,5,01-08-2023
383,521,193,3,30-04-2023
384,1460,938,5,14-02-2023
385,285,499,5,19-04-2023
386,850,676,2,14-09-2023
387,307,309,2,20-12-2023
388,800,79,5,22-09-2023
389,1337,964,2,08-01-2023
390,131,690,4,24-12-2023
391,429,1434,3,12-01-2023
392,139,1134,4,04-09-2023
393,341,1257,4,12-03-2023
394,1702,801,2,02-08-2023
395,1445,1458,4,21-02-2023
396,624,1196,4,05-04-2023
397,627,993,5,08-05-2023
398,1893,1474,1,28-02-2023
399,1703,1601,1,12-05-2023
400,985,1685,4,11-12-2023
401,1511,251,4,27-07-2023
402,884,859,1,24-07-2023
403,1220,549,3,11-10-2023
404,1430,1464,4,03-04-2023
405,295,1662,4,17-09-2023
406,1727,673,3,28-09-2023
407,1591,1111,2,05-11-2023
408,379,1577,1,19-08-2023
409,210,1118,2,01-01-2024
410,732,1139,3,29-10-2023
411,1761,710,2,08-10-2023
412,613,753,4,27-02-2023
413,573,1375,1,02-02-2023
414,643,505,2,13-11-2023
415,365,1809,4,10-10-2023
416,807,537,2,04-01-2023
417,1335,1894,5,24-04-2023
418,1179,1476,5,01-02-2023
419,1364,1571,2,03-08-2023
420,1872,35,3,09-12-2023
421,1418,481,5,26-11-2023
422,1827,1920,5,08-05-2023
423,730,321,1,17-02-2023
424,1482,1297,2,24-08-2023
425,994,1087,4,21-12-2023
426,1593,1565,2,19-10-2023
427,1760,1573,4,18-03-2023
428,1059,507,3,16-05-2023
429,748,863,5,18-03-2023
430,1082,64,1,15-09-2023
431,1651,1086,5,20-08-2023
432,896,1869,3,05-06-2023
433,1414,1914,1,12-08-2023
434,872,15,5,04-03-2023
435,1800,72,5,29-05-2023
436,1365,1811,1,24-09-2023
437,1996,1513,5,22-10-2023
438,1342,1701,5,16-03-2023
439,1940,1613,3,07-04-2023
440,1841,1347,1,28-12-2023
441,1280,1263,2,20-09-2023
442,187,615,3,18-05-2023
443,311,945,3,12-03-2023
444,1071,285,1,31-10-2023
445,1758,1220,1,29-01-2023
446,1119,144,2,05-04-2023
447,1142,1124,2,14-02-2023
448,206,808,4,06-09-2023
449,911,303,5,06-05-2023
450,1533,771,1,29-04-2023
451,422,124,5,14-08-2023
452,142,1100,2,28-07-2023
453,582,1238,1,09-08-2023
454,1407,1600,3,22-08-2023
455,1746,271,3,11-09-2023
456,276,1288,1,13-02-2023
457,46,241,1,09-11-2023
458,940,1212,2,08-10-2023
459,777,1146,2,07-01-2023
460,957,1398,2,30-01-2023
461,1544,1099,2,02-11-2023
462,1970,659,2,01-04-2023
463,1968,1772,1,01-05-2023
464,805,569,5,26-06-2023
465,1895,1064,5,12-02-2023
466,1810,1504,1,26-11-2023
467,1827,1092,1,23-05-2023
468,1138,1645,1,27-12-2023
469,1993,1914,5,21-08-2023
470,615,841,4,01-02-2023
471,426,225,4,06-11-2023
472,187,1021,1,05-06-2023
473,1610,232,4,09-09-2023
474,1465,1774,1,15-07-2023
475,110,728,5,20-07-2023
476,752,403,1,09-05-2023
477,656,1851,2,01-11-2023
478,689,1490,1,17-10-2023
479,1188,1645,1,13-11-2023
480,1523,1546,3,13-03-2023
481,790,256,5,02-09-2023
482,641,745,5,07-09-2023
483,616,1080,3,10-10-2023
484,331,430,2,21-04-2023
485,1430,1200,3,08-07-2023
486,1916,240,2,12-03-2023
487,545,701,5,08-10-2023
488,1506,1127,1,20-05-2023
489,1895,68,5,24-07-2023
490,1177,225,1,09-08-2023
491,1273,901,2,22-08-2023
492,796,721,2,01-04-2023
493,325,1059,4,12-04-2023
494,365,1312,5,18-04-2023
495,1051,1975,4,27-03-2023
496,450,1961,4,26-10-2023
497,614,1276,3,28-03-2023
498,220,687,1,03-02-2023
499,1368,1896,5,11-08-2023
500,1761,1789,5,30-05-2023
501,1101,1903,4,18-12-2023
502,1791,1395,1,04-05-2023
503,231,120,2,09-09-2023
504,1143,28,4,14-04-2023
505,677,1463,1,14-08-2023
506,729,359,1,04-03-2023
507,936,1076,1,26-07-2023
508,322,517,3,19-02-2023
509,1984,483,5,05-03-2023
510,490,69,4,24-01-2023
511,1390,1047,4,08-02-2023
512,1369,1425,2,16-02-2023
513,47,136,4,08-12-2023
514,86,147,2,23-08-2023
515,1044,1414,3,01-09-2023
516,706,309,2,02-08-2023
517,1336,1769,4,02-04-2023
518,1551,1972,4,01-05-2023
519,1204,331,2,21-02-2023
520,130,979,3,03-07-2023
521,424,954,3,08-09-2023
522,487,1624,5,08-04-2023
523,431,375,4,03-08-2023
524,1636,1239,2,17-04-2023
525,502,1411,4,16-05-2023
526,597,815,2,07-12-2023
527,648,399,2,28-12-2023
528,1706,1421,3,22-02-2023
529,647,983,5,23-07-2023
530,281,1595,1,20-06-2023
531,27,543,4,28-10-2023
532,256,1493,2,26-12-2023
533,4,911,4,25-06-2023
534,1045,1113,1,12-11-2023
535,1007,706,4,10-03-2023
536,1355,668,3,15-09-2023
537,1596,772,3,22-04-2023
538,87,1433,1,03-07-2023
539,1282,1173,3,07-05-2023
540,1009,423,1,29-11-2023
541,74,1593,3,07-12-2023
542,283,1216,1,11-10-2023
543,914,659,2,28-07-2023
544,724,1363,5,23-01-2023
545,561,1963,5,27-04-2023
546,1719,381,3,17-03-2023
547,1866,1609,5,07-09-2023
548,665,1224,2,30-05-2023
549,1615,1648,1,31-12-2023
550,498,1693,5,09-07-2023
551,1905,1816,4,05-07-2023
552,168,731,2,08-04-2023
553,782,1069,4,01-10-2023
554,1186,1786,1,19-08-2023
555,905,974,2,30-10-2023
556,262,1515,4,06-03-2023
557,1343,1241,5,23-11-2023
558,629,1646,5,03-01-2023
559,1220,1498,4,30-09-2023
560,506,54,1,27-06-2023
561,469,526,3,04-06-2023
562,1898,1381,4,04-08-2023
563,142,1784,5,26-02-2023
564,1616,706,5,26-11-2023
565,1621,1652,1,26-09-2023
566,16,1820,5,23-11-2023
567,1983,492,5,30-08-2023
568,390,1855,5,13-04-2023
569,905,1612,2,17-07-2023
570,159,571,1,13-06-2023
571,297,355,4,04-04-2023
572,193,215,1,26-05-2023
573,700,1443,3,03-02-2023
574,1219,848,4,15-03-2023
575,1180,1176,4,30-07-2023
576,1879,1877,3,04-05-2023
577,1887,1454,1,09-04-2023
578,1302,1599,1,06-01-2023
579,1917,706,5,27-12-2023
580,1481,997,4,22-12-2023
581,93,866,1,06-10-2023
582,38,1263,5,26-05-2023
583,1487,949,1,09-11-2023
584,1713,1727,3,22-04-2023
585,1101,1530,2,15-09-2023
586,1087,1106,3,20-07-2023
587,1880,42,3,25-03-2023
588,1700,825,3,25-11-2023
589,811,1200,5,23-09-2023
590,1174,489,3,02-11-2023
591,137,550,5,15-12-2023
592,1461,1329,1,17-11-2023
593,842,970,3,10-11-2023
594,1954,1424,2,22-10-2023
595,1732,579,5,04-02-2023
596,1380,1517,3,18-07-2023
597,232,237,1,25-01-2023
598,897,963,4,01-08-2023
599,56,1349,2,09-10-2023
600,461,590,4,19-04-2023
601,798,738,2,02-09-2023
602,742,259,2,13-03-2023
603,978,881,2,19-07-2023
604,1399,1852,4,13-04-2023
605,769,1277,2,04-11-2023
606,1583,705,4,07-01-2023
607,1645,1463,3,01-02-2023
608,927,1900,5,16-03-2023
609,1954,941,2,27-01-2023
610,898,1773,1,13-12-2023
611,1246,1050,4,01-07-2023
612,920,809,2,16-08-2023
613,589,1993,4,20-10-2023
614,1462,1206,2,27-07-2023
615,1515,430,5,03-12-2023
616,509,1296,1,30-09-2023
617,1068,542,5,12-02-2023
618,884,161,1,07-11-2023
619,431,1454,4,23-05-2023
620,517,361,4,03-04-2023
621,447,1286,2,04-09-2023
622,1511,1064,3,01-11-2023
623,1149,1653,3,22-07-2023
624,1136,1308,1,28-12-2023
625,671,287,1,22-07-2023
626,1804,1472,4,30-04-2023
627,1674,1099,4,27-07-2023
628,929,598,2,01-01-2024
629,475,929,2,20-12-2023
630,723,1131,3,26-08-2023
631,207,1607,3,24-05-2023
632,1840,297,5,22-01-2023
633,1465,569,1,01-07-2023
634,84,485,2,10-05-2023
635,1240,1779,4,27-01-2023
636,355,194,3,16-12-2023
637,832,307,3,13-05-2023
638,1174,103,1,07-03-2023
639,1424,1777,2,03-08-2023
640,1128,828,1,29-05-2023
641,937,1055,5,16-08-2023
642,13,74,5,22-08-2023
643,1592,1793,5,09-12-2023
644,1312,1580,2,17-08-2023
645,596,201,1,08-01-2023
646,434,1364,3,21-07-2023
647,597,439,2,03-01-2023
648,1400,1050,2,19-12-2023
649,1862,113,3,27-05-2023
650,1806,1055,2,16-06-2023
651,1925,1644,1,10-11-2023
652,802,1977,4,06-03-2023
653,1991,560,5,27-08-2023
654,127,252,2,01-09-2023
655,895,353,1,05-08-2023
656,1287,651,4,07-03-2023
657,333,601,2,23-08-2023
658,78,962,5,05-04-2023
659,1275,1468,4,12-06-2023
660,1644,171,1,03-07-2023
661,1678,1132,4,05-02-2023
662,1848,1832,2,24-06-2023
663,117,1015,5,15-08-2023
664,552,333,5,25-08-2023
665,1012,1558,5,18-11-2023
666,1227,1517,1,01-01-2023
667,277,1431,2,21-06-2023
668,582,97,5,19-05-2023
669,1088,921,1,28-12-2023
670,1444,931,1,15-03-2023
671,640,1156,4,10-04-2023
672,28,262,2,15-01-2023
673,1112,698,1,08-08-2023
674,73,1354,4,16-03-2023
675,1059,979,3,05-09-2023
676,768,1635,3,24-02-2023
677,1572,117,5,07-10-2023
678,708,1866,5,14-11-2023
679,2,887,2,26-11-2023
680,1570,237,1,27-10-2023
681,520,19,2,04-06-2023
682,561,619,4,27-01-2023
683,829,917,2,23-08-2023
684,1810,476,4,21-01-2023
685,1807,426,1,09-02-2023
686,1850,1401,5,23-05-2023
687,890,287,1,09-03-2023
688,1220,544,1,04-05-2023
689,843,233,1,14-09-2023
690,815,356,4,29-12-2023
691,548,1738,4,23-05-2023
692,1225,1817,4,09-01-2023
693,1044,1654,3,15-02-2023
694,701,524,3,13-01-2023
695,392,1739,1,14-04-2023
696,1021,183,5,31-01-2023
697,1180,1268,1,29-07-2023
698,285,1829,1,16-10-2023
699,764,1599,2,04-01-2023
700,1958,1079,3,26-01-2023
701,1063,288,3,07-08-2023
702,952,351,2,13-10-2023
703,470,468,4,25-02-2023
704,1085,1015,5,03-11-2023
705,1033,252,2,30-05-2023
706,1202,1764,4,15-01-2023
707,424,1299,3,10-01-2023
708,484,1709,1,01-10-2023
709,763,82,5,23-08-2023
710,533,1810,2,02-04-2023
711,1484,81,5,07-09-2023
712,1527,1350,3,17-08-2023
713,1087,1155,1,04-04-2023
714,95,24,5,28-10-2023
715,746,992,4,29-10-2023
716,1773,711,4,05-12-2023
717,1963,273,4,16-02-2023
718,1088,1900,2,14-09-2023
719,1049,1727,2,04-01-2023
720,684,212,3,13-01-2023
721,1361,1158,4,09-01-2023
722,72,1921,5,14-11-2023
723,1049,1280,4,01-10-2023
724,1296,985,3,25-10-2023
725,904,1280,5,12-10-2023
726,1456,1648,3,19-01-2023
727,1984,816,1,03-12-2023
728,1300,304,3,26-08-2023
729,857,1049,5,25-12-2023
730,1859,1737,1,29-05-2023
731,420,858,5,11-02-2023
732,1616,528,4,03-10-2023
733,1973,1504,3,07-02-2023
734,1640,1581,3,01-12-2023
735,819,1983,5,20-08-2023
736,840,1163,4,08-02-2023
737,1258,1406,4,17-04-2023
738,862,1254,3,26-01-2023
739,1056,12,4,27-12-2023
740,304,83,1,21-01-2023
741,1693,98,3,07-01-2023
742,370,1878,1,18-12-2023
743,1405,1087,4,19-04-2023
744,901,1432,1,27-05-2023
745,151,1232,3,22-07-2023
746,1750,1251,4,13-10-2023
747,768,1055,4,15-11-2023
748,857,1579,2,25-08-2023
749,1785,898,5,15-10-2023
750,1737,816,2,27-03-2023
751,1092,1407,1,05-01-2023
752,1190,1011,1,11-04-2023
753,1178,681,4,30-08-2023
754,1959,1656,5,29-12-2023
755,791,1577,5,21-09-2023
756,387,62,4,13-04-2023
757,566,603,2,18-10-2023
758,161,1351,2,23-05-2023
759,1955,1128,1,08-03-2023
760,367,1713,5,28-03-2023
761,424,404,1,10-07-2023
762,591,1525,3,11-01-2023
763,368,64,5,28-04-2023
764,1136,1400,2,21-03-2023
765,993,1776,5,07-06-2023
766,492,642,3,19-06-2023
767,1314,254,3,31-07-2023
768,1973,1185,4,15-12-2023
769,509,1377,5,12-11-2023
770,370,1810,3,23-10-2023
771,1815,1243,2,26-05-2023
772,180,856,2,05-12-2023
773,69,463,1,02-06-2023
774,1009,1979,3,17-02-2023
775,345,101,3,04-07-2023
776,1899,1018,2,02-09-2023
777,465,144,3,18-04-2023
778,1387,361,3,25-05-2023
779,657,1168,4,28-08-2023
780,99,1384,5,08-08-2023
781,1838,1870,3,24-03-2023
782,719,1071,3,26-04-2023
783,817,3,3,02-09-2023
784,588,692,4,01-04-2023
785,1021,1909,1,02-03-2023
786,1338,1322,2,04-06-2023
787,718,727,1,02-01-2023
788,114,643,3,11-09-2023
789,1885,1351,5,27-10-2023
790,1289,1420,3,16-07-2023
791,1874,107,5,28-04-2023
792,247,74,5,08-03-2023
793,1240,279,1,23-09-2023
794,575,893,5,05-12-2023
795,1862,720,1,06-08-2023
796,1600,1863,2,21-10-2023
797,416,637,2,02-12-2023
798,1322,155,1,04-06-2023
799,271,918,2,09-08-2023
800,460,238,1,17-10-2023
801,1329,241,2,21-10-2023
802,967,1969,3,03-12-2023
803,1874,1747,2,03-09-2023
804,1152,230,2,19-03-2023
805,772,1068,4,29-03-2023
806,1218,1291,5,03-09-2023
807,677,889,2,28-10-2023
808,315,1408,5,23-12-2023
809,550,1,1,01-03-2023
810,605,958,2,26-07-2023
811,682,468,5,30-09-2023
812,1955,194,5,03-07-2023
813,1177,1944,3,06-12-2023
814,295,2000,2,03-11-2023
815,1456,347,3,05-06-2023
816,251,1616,3,03-04-2023
817,946,1538,3,05-12-2023
818,951,191,5,19-11-2023
819,737,245,4,28-10-2023
820,259,45,5,08-01-2023
821,544,1097,3,15-10-2023
822,715,340,3,25-03-2023
823,1301,443,3,13-12-2023
824,234,1427,5,03-05-2023
825,1364,849,1,31-05-2023
826,1096,1864,4,16-06-2023
827,1981,1186,1,29-01-2023
828,531,1056,5,08-01-2023
829,9,174,3,24-03-2023
830,1127,1110,5,09-10-2023
831,531,24,3,31-01-2023
832,1018,522,2,04-07-2023
833,1252,1665,5,01-12-2023
834,1215,151,2,22-10-2023
835,424,1717,4,17-11-2023
836,20,445,2,28-06-2023
837,209,995,5,22-05-2023
838,1619,1210,4,24-02-2023
839,1667,1160,3,05-06-2023
840,1834,1423,2,03-08-2023
841,1474,1953,3,12-05-2023
842,1166,1216,5,14-05-2023
843,1774,358,3,22-04-2023
844,741,129,1,08-01-2023
845,1070,1165,1,02-05-2023
846,528,1670,4,13-04-2023
847,1891,948,5,21-09-2023
848,1842,1048,5,16-08-2023
849,770,1624,5,29-11-2023
850,1994,147,4,06-11-2023
851,1398,503,1,07-02-2023
852,1639,1141,3,14-06-2023
853,440,845,4,17-01-2023
854,346,722,4,14-02-2023
855,1900,363,2,04-11-2023
856,560,637,4,09-08-2023
857,1698,405,4,07-10-2023
858,401,564,4,05-08-2023
859,75,62,4,05-09-2023
860,1563,631,4,24-12-2023
861,1075,399,2,17-08-2023
862,461,137,1,07-03-2023
863,398,1888,2,10-05-2023
864,108,518,5,24-11-2023
865,772,664,1,14-12-2023
866,883,1295,3,29-01-2023
867,797,1228,2,14-09-2023
868,696,340,5,24-11-2023
869,505,191,1,30-03-2023
870,1189,1536,1,04-08-2023
871,1788,545,5,08-09-2023
872,767,1201,4,08-11-2023
873,1037,406,1,16-03-2023
874,1727,233,1,27-02-2023
875,1590,426,3,24-02-2023
876,18,642,3,16-05-2023
877,1784,1473,1,24-06-2023
878,1808,1591,1,15-06-2023
879,1080,1414,3,17-05-2023
880,1606,600,3,04-02-2023
881,1047,44,3,16-10-2023
882,1832,1013,3,12-08-2023
883,1531,1053,4,04-06-2023
884,974,1137,2,02-01-2023
885,899,1548,1,13-05-2023
886,886,1422,5,28-05-2023
887,1688,1236,2,22-10-2023
888,478,1219,4,02-06-2023
889,177,1649,1,20-09-2023
890,1086,401,4,02-11-2023
891,1602,1715,1,26-03-2023
892,262,631,2,19-12-2023
893,1566,469,5,14-04-2023
894,955,1757,5,03-07-2023
895,1761,1638,3,12-11-2023
896,280,1756,1,07-08-2023
897,1575,514,3,18-05-2023
898,248,617,2,21-06-2023
899,252,1439,4,03-10-2023
900,1795,1358,2,14-04-2023
901,1657,693,2,11-02-2023
902,1732,1098,3,03-08-2023
903,1650,1890,2,13-02-2023
904,1163,1802,3,05-02-2023
905,978,1585,3,25-03-2023
906,1993,333,4,22-05-2023
907,928,443,4,22-01-2023
908,1553,376,1,27-03-2023
909,1409,831,4,01-09-2023
910,718,823,5,23-09-2023
911,1357,33,2,28-04-2023
912,283,1563,4,26-06-2023
913,871,1750,3,20-03-2023
914,1779,1221,2,09-08-2023
915,857,174,3,19-07-2023
916,694,604,3,18-09-2023
917,1316,113,5,13-03-2023
918,1694,1421,2,04-11-2023
919,887,1800,3,15-09-2023
920,1622,139,5,11-10-2023
921,497,188,5,23-11-2023
922,1907,1365,1,04-02-2023
923,1600,1853,3,01-11-2023
924,1305,120,2,26-02-2023
925,641,1819,3,12-07-2023
926,466,1739,3,20-02-2023
927,511,1810,4,24-11-2023
928,1447,1279,4,09-07-2023
929,770,777,5,09-06-2023
930,49,1201,2,28-01-2023
931,374,1800,4,28-07-2023
932,1475,794,3,12-07-2023
933,316,906,1,30-07-2023
934,1611,1875,4,10-08-2023
935,854,1873,4,06-05-2023
936,559,1937,3,28-05-2023
937,336,581,3,22-10-2023
938,1986,622,2,31-03-2023
939,1650,1311,5,11-01-2023
940,733,413,5,25-03-2023
941,1178,1597,2,04-03-2023
942,1349,1348,3,12-12-2023
943,1534,316,5,11-08-2023
944,1932,1593,3,06-07-2023
945,452,233,3,12-06-2023
946,377,745,3,03-10-2023
947,597,661,2,16-11-2023
948,1508,1629,5,18-04-2023
949,1937,378,3,23-12-2023
950,1609,1167,3,03-09-2023
951,1263,1939,4,07-07-2023
952,200,820,2,21-03-2023
953,1906,67,3,17-04-2023
954,265,1051,3,07-04-2023
955,1984,1817,3,08-12-2023
956,180,1385,5,17-09-2023
957,948,1062,3,25-11-2023
958,590,1684,1,15-07-2023
959,604,1959,4,24-08-2023
960,1099,1671,1,26-02-2023
961,1820,364,4,10-05-2023
962,177,1053,1,26-10-2023
963,1244,1509,5,27-03-2023
964,230,210,4,31-07-2023
965,755,1713,3,08-04-2023
966,1084,472,2,24-11-2023
967,495,391,3,28-11-2023
968,1105,1655,4,27-07-2023
969,336,1489,3,24-11-2023
970,1189,1211,4,09-12-2023
971,1648,17,1,31-08-2023
972,604,950,3,06-10-2023
973,805,331,5,20-06-2023
974,788,1338,4,15-03-2023
975,1830,1178,4,30-08-2023
976,1054,487,5,08-01-2023
977,34,1998,3,17-12-2023
978,338,1016,3,31-01-2023
979,1720,1722,4,08-01-2023
980,611,1274,3,17-06-2023
981,1520,1771,1,19-03-2023
982,648,693,3,30-11-2023
983,1137,1432,1,17-08-2023
984,1235,1452,3,10-07-2023
985,1827,1745,2,06-02-2023
986,56,1929,5,02-07-2023
987,1303,203,3,30-07-2023
988,1616,1992,5,28-10-2023
989,1501,275,3,10-11-2023
990,650,1392,5,25-07-2023
991,1870,1490,2,08-03-2023
992,493,353,3,12-05-2023
993,685,751,2,18-11-2023
994,557,150,5,09-04-2023
995,1270,183,2,07-07-2023
996,1643,494,1,05-08-2023
997,1663,1033,5,04-12-2023
998,560,1910,4,20-08-2023
999,417,1490,4,27-12-2023
1000,603,193,1,24-12-2023
1001,147,1712,4,02-09-2023
1002,1657,744,3,27-01-2023
1003,308,1610,5,22-01-2023
1004,1744,961,4,04-09-2023
1005,1289,1243,4,16-05-2023
1006,87,1797,3,14-05-2023
1007,420,1135,3,07-10-2023
1008,1490,1728,5,15-01-2023
1009,20,1001,4,07-10-2023
1010,203,155,1,06-12-2023
1011,1405,213,4,16-08-2023
1012,372,1007,5,16-07-2023
1013,872,161,1,07-05-2023
1014,1018,346,4,17-02-2023
1015,1335,130,4,07-05-2023
1016,1746,1971,3,17-04-2023
1017,1094,1401,5,08-03-2023
1018,1827,1572,1,30-01-2023
1019,1739,1607,4,17-07-2023
1020,473,183,4,06-10-2023
1021,823,1691,3,30-04-2023
1022,355,716,5,19-01-2023
1023,1171,387,2,21-02-2023
1024,1297,1869,3,11-05-2023
1025,462,927,2,22-01-2023
1026,32,145,4,21-09-2023
1027,1442,1385,3,30-12-2023
1028,1955,213,4,18-03-2023
1029,185,566,1,05-07-2023
1030,1948,730,5,31-03-2023
1031,1758,1774,1,03-02-2023
1032,128,60,3,09-03-2023
1033,1779,407,4,11-04-2023
1034,585,579,3,24-04-2023
1035,1691,823,1,29-09-2023
1036,170,408,5,11-07-2023
1037,303,1211,5,26-01-2023
1038,1669,737,1,24-09-2023
1039,1884,654,5,19-03-2023
1040,741,462,1,01-07-2023
1041,42,255,5,26-11-2023
1042,965,844,1,29-11-2023
1043,901,1789,3,08-01-2023
1044,1492,381,4,30-09-2023
1045,447,668,4,14-06-2023
1046,1701,1013,2,29-10-2023
1047,96,1313,3,20-09-2023
1048,793,928,4,26-03-2023
1049,611,302,2,04-04-2023
1050,57,286,3,01-02-2023
1051,1182,559,5,15-08-2023
1052,1624,750,3,29-04-2023
1053,1131,874,5,20-04-2023
1054,1498,554,3,30-09-2023
1055,1775,572,2,13-05-2023
1056,1708,493,1,13-11-2023
1057,1592,627,1,14-06-2023
1058,1029,1239,4,19-05-2023
1059,878,198,5,27-10-2023
1060,1094,607,2,15-12-2023
1061,293,71,1,02-03-2023
1062,175,1638,5,23-01-2023
1063,199,471,2,18-05-2023
1064,870,1676,3,27-03-2023
1065,102,1655,3,06-08-2023
1066,1559,583,2,23-06-2023
1067,1346,1362,4,25-08-2023
1068,1428,1371,1,04-03-2023
1069,1173,383,1,08-04-2023
1070,1068,1988,3,30-11-2023
1071,1600,1293,4,21-08-2023
1072,239,92,4,12-10-2023
1073,1345,170,5,29-04-2023
1074,423,709,2,14-01-2023
1075,1617,584,4,17-10-2023
1076,1008,154,1,15-05-2023
1077,1897,908,2,17-09-2023
1078,1019,576,4,02-07-2023
1079,59,1652,5,18-04-2023
1080,383,1958,4,23-04-2023
1081,613,925,5,10-11-2023
1082,122,1021,3,23-06-2023
1083,98,498,4,10-12-2023
1084,1676,1117,4,10-12-2023
1085,64,1188,4,21-08-2023
1086,806,730,2,23-10-2023
1087,1068,905,5,12-10-2023
1088,380,1265,5,07-02-2023
1089,1673,1143,3,11-09-2023
1090,138,130,2,18-12-2023
1091,679,1540,1,17-01-2023
1092,1412,1749,1,07-05-2023
1093,1284,1682,2,14-10-2023
1094,205,1223,4,16-03-2023
1095,355,1599,3,14-02-2023
1096,1437,914,5,17-08-2023
1097,436,1043,1,03-02-2023
1098,283,145,3,02-04-2023
1099,306,585,2,18-08-2023
1100,791,1631,5,30-04-2023
1101,1729,1756,1,03-09-2023
1102,1135,1168,4,11-02-2023
1103,1286,507,3,28-06-2023
1104,337,374,1,09-03-2023
1105,424,1652,2,16-03-2023
1106,1291,1775,4,04-09-2023
1107,194,1520,1,27-01-2023
1108,453,731,4,16-03-2023
1109,1545,935,5,24-02-2023
1110,710,797,4,19-10-2023
1111,557,1367,4,02-05-2023
1112,749,565,3,12-02-2023
1113,831,1308,3,14-08-2023
1114,1706,944,5,13-03-2023
1115,419,1839,4,04-09-2023
1116,566,156,5,01-09-2023
1117,123,1329,3,11-03-2023
1118,1685,1925,2,17-01-2023
1119,1337,1465,1,29-09-2023
1120,1640,772,3,25-06-2023
1121,1313,646,4,28-01-2023
1122,356,244,2,21-07-2023
1123,888,827,3,27-08-2023
1124,1262,1493,3,10-03-2023
1125,804,732,2,15-07-2023
1126,826,1762,3,13-11-2023
1127,583,165,2,24-10-2023
1128,1375,233,5,02-10-2023
1129,893,1202,1,03-05-2023
1130,716,580,2,08-08-2023
1131,1148,1648,5,29-05-2023
1132,1540,433,4,30-12-2023
1133,982,788,5,09-07-2023
1134,1504,1107,1,04-07-2023
1135,970,296,3,17-04-2023
1136,1861,113,4,19-08-2023
1137,78,1345,1,26-03-2023
1138,9,1479,5,07-10-2023
1139,1840,591,2,02-02-2023
1140,545,1975,5,19-03-2023
1141,446,1132,3,21-02-2023
1142,927,1953,4,28-01-2023
1143,894,788,3,20-05-2023
1144,312,54,3,08-03-2023
1145,508,4,3,10-09-2023
1146,1245,1182,4,15-07-2023
1147,398,317,1,29-01-2023
1148,869,29,3,25-05-2023
1149,195,1481,5,14-05-2023
1150,942,110,4,24-03-2023
1151,1661,159,2,25-01-2023
1152,1301,665,5,06-02-2023
1153,334,1526,4,28-07-2023
1154,1534,988,5,26-03-2023
1155,706,1173,4,28-11-2023
1156,852,299,2,05-10-2023
1157,1984,190,5,27-12-2023
1158,582,1156,1,16-05-2023
1159,980,1097,5,20-04-2023
1160,422,540,1,20-05-2023
1161,1996,389,5,14-02-2023
1162,148,1202,4,07-08-2023
1163,726,1493,2,25-03-2023
1164,350,1961,5,12-11-2023
1165,592,1690,1,02-01-2023
1166,205,1913,4,20-05-2023
1167,228,1776,1,02-03-2023
1168,803,1474,5,06-07-2023
1169,1552,655,3,02-11-2023
1170,867,949,5,17-03-2023
1171,1096,1355,1,02-06-2023
1172,1888,1450,5,20-04-2023
1173,772,523,2,22-06-2023
1174,1727,1317,2,03-10-2023
1175,780,1725,4,25-08-2023
1176,241,993,2,08-04-2023
1177,1680,1169,3,16-09-2023
1178,869,257,3,10-03-2023
1179,1174,982,5,07-07-2023
1180,612,237,1,10-08-2023
1181,1020,400,1,30-11-2023
1182,1395,257,3,15-12-2023
1183,1645,11,1,10-03-2023
1184,137,385,1,04-05-2023
1185,1530,1580,2,25-04-2023
1186,455,940,2,25-10-2023
1187,731,1536,2,03-02-2023
1188,1651,758,4,04-11-2023
1189,1509,1357,4,08-02-2023
1190,722,544,3,13-10-2023
1191,1863,215,2,20-06-2023
1192,1626,1518,5,24-12-2023
1193,1048,760,3,26-06-2023
1194,1356,981,5,29-10-2023
1195,46,1643,5,31-08-2023
1196,264,598,3,04-09-2023
1197,897,1146,1,25-04-2023
1198,909,1545,1,27-11-2023
1199,608,88,3,14-11-2023
1200,947,435,4,29-03-2023
1201,172,1200,1,05-09-2023
1202,146,967,3,02-07-2023
1203,20,1898,4,01-04-2023
1204,1903,961,1,31-07-2023
1205,274,1432,2,19-10-2023
1206,940,682,2,23-09-2023
1207,119,99,2,12-09-2023
1208,792,997,1,12-02-2023
1209,989,1693,2,10-04-2023
1210,864,678,5,07-10-2023
1211,91,1229,5,02-07-2023
1212,723,1897,4,03-11-2023
1213,26,354,1,08-08-2023
1214,680,1084,1,22-10-2023
1215,1513,1606,3,28-10-2023
1216,1937,1298,1,12-01-2023
1217,1407,1215,5,25-08-2023
1218,1286,1062,3,04-10-2023
1219,1402,19,1,01-04-2023
1220,1505,1612,3,27-02-2023
1221,1726,1699,5,30-04-2023
1222,854,1264,2,13-01-2023
1223,291,1191,5,28-11-2023
1224,1620,213,3,23-04-2023
1225,144,965,4,14-06-2023
1226,1435,916,4,05-08-2023
1227,603,448,1,04-07-2023
1228,49,187,1,07-08-2023
1229,1274,766,1,25-08-2023
1230,689,78,2,16-12-2023
1231,1572,566,5,14-03-2023
1232,797,1590,4,11-12-2023
1233,1749,229,2,24-10-2023
1234,1699,1918,1,19-04-2023
1235,1753,1829,1,02-05-2023
1236,1969,571,2,11-05-2023
1237,1043,192,3,14-11-2023
1238,1528,807,5,23-12-2023
1239,11,1510,1,18-08-2023
1240,482,361,1,23-07-2023
1241,813,324,5,11-05-2023
1242,520,1807,2,17-11-2023
1243,124,417,1,19-08-2023
1244,948,1791,4,27-11-2023
1245,1876,783,4,22-08-2023
1246,676,1190,2,04-10-2023
1247,114,400,2,05-06-2023
1248,1139,1925,5,03-11-2023
1249,1052,85,3,23-03-2023
1250,620,1265,3,30-10-2023
1251,455,1779,2,19-12-2023
1252,1511,1920,5,03-02-2023
1253,1000,412,1,10-03-2023
1254,818,956,1,13-03-2023
1255,1034,165,5,07-11-2023
1256,1565,1973,1,27-08-2023
1257,286,128,5,27-06-2023
1258,1775,453,4,28-08-2023
1259,1852,1907,3,19-03-2023
1260,195,1482,3,10-05-2023
1261,1387,932,2,03-05-2023
1262,1680,1215,4,23-10-2023
1263,608,68,5,11-04-2023
1264,1142,1336,1,10-08-2023
1265,1580,901,1,23-02-2023
1266,1332,1740,5,28-05-2023
1267,1804,284,5,20-07-2023
1268,1650,294,5,17-04-2023
1269,305,1664,2,18-06-2023
1270,1143,1237,1,15-08-2023
1271,958,1604,2,16-04-2023
1272,338,608,5,15-08-2023
1273,634,142,3,03-11-2023
1274,1430,232,1,30-01-2023
1275,1519,533,4,04-04-2023
1276,612,910,4,25-06-2023
1277,210,142,1,07-01-2023
1278,504,1742,3,21-04-2023
1279,1069,749,2,12-03-2023
1280,1805,1634,4,18-01-2023
1281,1634,1945,1,13-05-2023
1282,895,1398,1,03-12-2023
1283,1915,627,1,09-09-2023
1284,833,1038,5,05-06-2023
1285,863,403,2,16-01-2023
1286,774,1968,5,12-02-2023
1287,313,1190,1,22-07-2023
1288,1077,1432,3,29-04-2023
1289,1133,1012,1,17-06-2023
1290,1407,342,4,18-05-2023
1291,920,804,1,13-12-2023
1292,1204,76,1,17-07-2023
1293,1274,1685,4,07-07-2023
1294,451,963,3,06-12-2023
1295,251,459,1,25-02-2023
1296,1929,444,3,20-12-2023
1297,426,1963,5,13-10-2023
1298,542,1740,1,27-10-2023
1299,1877,1652,4,17-10-2023
1300,1348,694,4,01-05-2023
1301,1754,1119,3,04-05-2023
1302,71,1070,3,16-01-2023
1303,321,1082,2,03-01-2023
1304,643,158,2,11-05-2023
1305,1209,1017,2,01-02-2023
1306,296,1655,5,16-10-2023
1307,1358,667,1,03-01-2023
1308,1157,1026,4,04-02-2023
1309,129,20,1,29-10-2023
1310,1990,18,5,26-08-2023
1311,1109,1737,3,23-05-2023
1312,927,592,1,05-03-2023
1313,1332,1117,4,28-06-2023
1314,383,905,2,26-08-2023
1315,1124,548,3,13-01-2023
1316,1152,610,3,13-09-2023
1317,785,1016,5,27-05-2023
1318,451,1868,1,02-09-2023
1319,1657,1229,3,22-09-2023
1320,1736,1621,2,06-04-2023
1321,21,955,5,08-09-2023
1322,138,1245,2,20-01-2023
1323,1166,268,5,14-10-2023
1324,280,231,1,27-11-2023
1325,1938,421,4,26-03-2023
1326,1686,1805,1,28-06-2023
1327,1569,933,2,15-08-2023
1328,651,1279,5,29-03-2023
1329,1700,1865,2,31-01-2023
1330,639,1477,1,21-02-2023
1331,1969,1325,2,21-02-2023
1332,877,440,4,22-04-2023
1333,520,870,4,05-07-2023
1334,1842,737,3,12-01-2023
1335,1025,632,4,14-06-2023
1336,651,289,2,03-07-2023
1337,1135,578,1,11-08-2023
1338,937,1247,1,27-09-2023
1339,573,34,5,13-06-2023
1340,830,1487,2,21-08-2023
1341,559,838,1,24-03-2023
1342,141,817,3,29-08-2023
1343,203,42,3,28-05-2023
1344,1368,462,1,17-04-2023
1345,377,811,4,05-10-2023
1346,1587,1276,3,09-03-2023
1347,1717,1446,5,14-12-2023
1348,1692,1485,3,13-10-2023
1349,359,1503,2,30-03-2023
1350,1684,295,3,20-10-2023
1351,542,425,2,09-08-2023
1352,1140,1462,3,27-09-2023
1353,1935,762,5,04-01-2023
1354,1571,818,2,15-09-2023
1355,146,437,2,08-10-2023
1356,881,1608,2,30-10-2023
1357,498,1979,4,30-01-2023
1358,1221,1547,2,01-02-2023
1359,1974,1199,3,18-03-2023
1360,1514,1885,2,11-07-2023
1361,1320,1296,2,24-12-2023
1362,1415,1717,2,31-10-2023
1363,1612,921,2,15-10-2023
1364,585,1346,4,27-03-2023
1365,433,767,3,28-05-2023
1366,854,767,3,27-08-2023
1367,1612,618,4,24-12-2023
1368,525,1512,5,16-10-2023
1369,984,803,5,01-11-2023
1370,1634,573,5,03-01-2023
1371,120,1952,3,20-07-2023
1372,1613,1106,4,13-04-2023
1373,1720,1864,3,03-06-2023
1374,1061,1270,5,23-02-2023
1375,909,284,4,31-05-2023
1376,1417,1257,3,08-01-2023
1377,1461,598,3,19-03-2023
1378,1117,895,4,07-10-2023
1379,813,1299,1,05-09-2023
1380,1893,1693,4,07-03-2023
1381,790,889,2,20-06-2023
1382,1962,1137,4,17-11-2023
1383,36,548,1,08-04-2023
1384,1256,740,4,15-05-2023
1385,1035,302,1,15-05-2023
1386,722,569,5,14-01-2023
1387,459,750,1,25-09-2023
1388,47,875,3,27-08-2023
1389,135,960,3,09-05-2023
1390,979,456,1,30-05-2023
1391,631,786,2,18-01-2023
1392,437,1996,4,27-03-2023
1393,658,634,4,24-06-2023
1394,1717,446,3,25-07-2023
1395,278,1502,2,16-08-2023
1396,1973,1431,3,29-03-2023
1397,1813,1810,3,25-12-2023
1398,1341,201,4,12-02-2023
1399,1008,85,3,06-07-2023
1400,419,1354,2,28-12-2023
1401,1267,1645,2,15-05-2023
1402,1448,502,2,18-08-2023
1403,1202,1650,3,29-11-2023
1404,1299,1798,4,09-11-2023
1405,806,1811,3,09-07-2023
1406,455,231,4,06-08-2023
1407,881,1927,1,07-03-2023
1408,1458,1399,3,27-06-2023
1409,1981,1980,1,03-10-2023
1410,1570,1605,2,19-12-2023
1411,582,1204,3,12-11-2023
1412,1260,935,1,12-01-2023
1413,446,1558,2,11-04-2023
1414,1145,1583,2,05-03-2023
1415,942,461,4,19-09-2023
1416,444,25,5,19-03-2023
1417,724,1375,4,28-08-2023
1418,131,937,5,24-03-2023
1419,1524,896,1,23-10-2023
1420,1214,424,4,24-01-2023
1421,1267,579,4,21-10-2023
1422,1101,1116,2,14-01-2023
1423,513,1294,1,16-03-2023
1424,925,1113,1,05-09-2023
1425,15,1746,5,09-10-2023
1426,1239,83,5,27-07-2023
1427,1129,203,5,01-07-2023
1428,632,687,4,11-08-2023
1429,829,1535,5,07-07-2023
1430,305,415,2,23-02-2023
1431,795,1152,4,09-07-2023
1432,1715,1166,2,24-03-2023
1433,101,1485,3,09-09-2023
1434,549,846,1,19-07-2023
1435,986,1776,4,18-05-2023
1436,1527,152,5,04-12-2023
1437,902,1646,5,19-05-2023
1438,166,1992,1,25-12-2023
1439,1576,171,3,30-05-2023
1440,1863,1942,5,24-03-2023
1441,1267,571,4,26-06-2023
1442,477,468,3,16-01-2023
1443,1387,667,5,11-12-2023
1444,1722,271,5,24-06-2023
1445,1767,1655,2,24-07-2023
1446,1218,1240,5,15-06-2023
1447,226,1638,3,25-11-2023
1448,76,840,2,26-07-2023
1449,1270,946,3,23-10-2023
1450,1377,1366,4,15-01-2023
1451,1444,248,3,11-05-2023
1452,1849,1234,1,09-07-2023
1453,1889,770,1,10-02-2023
1454,738,881,1,31-05-2023
1455,597,1669,3,15-08-2023
1456,1530,1084,3,27-06-2023
1457,1892,1424,3,11-09-2023
1458,1192,1515,1,17-09-2023
1459,1034,1679,3,20-03-2023
1460,1167,1845,4,02-04-2023
1461,1145,728,3,03-12-2023
1462,1935,1039,5,03-01-2023
1463,448,72,3,17-06-2023
1464,1449,1547,1,30-11-2023
1465,1531,1698,4,21-03-2023
1466,1910,655,2,05-06-2023
1467,102,1601,1,11-01-2023
1468,1084,102,1,21-09-2023
1469,1968,1335,3,16-08-2023
1470,1114,1287,3,07-05-2023
1471,395,1536,4,22-09-2023
1472,1493,546,2,03-01-2023
1473,644,107,4,15-11-2023
1474,1931,1425,3,08-12-2023
1475,161,1033,5,20-09-2023
1476,725,606,2,25-04-2023
1477,1919,200,4,09-12-2023
1478,1248,867,4,07-10-2023
1479,375,1287,3,17-05-2023
1480,406,192,3,15-11-2023
1481,210,1301,2,23-05-2023
1482,1588,139,4,15-08-2023
1483,1136,122,1,04-01-2023
1484,1189,1579,3,29-01-2023
1485,685,1484,1,08-12-2023
1486,1565,1343,5,23-02-2023
1487,881,13,3,30-03-2023
1488,1252,1095,2,18-04-2023
1489,1198,1015,5,02-09-2023
1490,1563,778,4,13-01-2023
1491,1320,710,3,24-12-2023
1492,322,78,5,02-02-2023
1493,1323,967,2,01-07-2023
1494,1086,571,1,14-10-2023
1495,948,1772,3,07-12-2023
1496,1878,1877,5,14-06-2023
1497,252,931,5,13-08-2023
1498,950,1813,2,29-10-2023
1499,1452,506,4,30-12-2023
1500,837,790,4,13-10-2023
1501,1685,1032,3,18-01-2023
1502,57,936,5,01-06-2023
1503,755,874,1,08-07-2023
1504,680,1114,5,12-11-2023
1505,365,1512,2,20-01-2023
1506,107,178,5,01-08-2023
1507,1210,1574,1,08-02-2023
1508,889,1379,3,09-07-2023
1509,864,480,2,04-12-2023
1510,1372,1517,5,24-12-2023
1511,301,1382,2,04-02-2023
1512,1332,1458,1,13-06-2023
1513,1118,126,3,25-04-2023
1514,1551,1449,4,20-12-2023
1515,379,243,1,25-06-2023
1516,327,1057,1,13-06-2023
1517,369,707,5,17-07-2023
1518,1356,39,5,18-04-2023
1519,1260,1168,1,10-08-2023
1520,1576,845,3,15-12-2023
1521,1584,983,1,31-07-2023
1522,1917,140,1,05-11-2023
1523,24,1857,2,30-01-2023
1524,1920,747,1,06-09-2023
1525,53,1231,1,10-04-2023
1526,397,1715,4,03-07-2023
1527,1716,1562,2,10-10-2023
1528,1523,254,5,03-03-2023
1529,316,1562,5,15-07-2023
1530,1313,830,2,20-04-2023
1531,211,15,3,21-12-2023
1532,530,1372,4,13-02-2023
1533,1460,1001,1,23-12-2023
1534,1030,570,1,16-04-2023
1535,746,473,5,19-05-2023
1536,545,1999,2,12-04-2023
1537,480,101,4,11-01-2023
1538,568,1886,5,01-10-2023
1539,932,1903,2,25-08-2023
1540,1298,1314,4,21-02-2023
1541,91,1298,5,02-03-2023
1542,1869,1314,3,29-06-2023
1543,748,1668,5,18-06-2023
1544,1947,650,3,08-12-2023
1545,1286,1388,4,25-04-2023
1546,1421,1775,5,30-04-2023
1547,1701,30,3,04-12-2023
1548,1262,555,2,10-10-2023
1549,481,1741,4,25-05-2023
1550,790,1300,4,03-07-2023
1551,144,1700,1,11-08-2023
1552,769,1584,2,06-09-2023
1553,705,365,2,08-12-2023
1554,1254,1829,3,24-01-2023
1555,463,1325,5,11-03-2023
1556,229,1141,4,21-11-2023
1557,1690,1060,1,19-04-2023
1558,1257,967,2,09-09-2023
1559,1717,176,2,01-01-2024
1560,1092,1492,3,22-10-2023
1561,1403,472,4,01-12-2023
1562,1846,1041,3,23-02-2023
1563,38,1384,3,28-07-2023
1564,369,488,1,26-11-2023
1565,213,743,4,17-10-2023
1566,550,257,5,04-11-2023
1567,1726,1798,3,28-12-2023
1568,1754,216,1,13-06-2023
1569,1903,1333,2,20-05-2023
1570,966,1933,5,08-07-2023
1571,1466,499,2,05-05-2023
1572,482,1945,1,08-08-2023
1573,1014,719,4,11-08-2023
1574,913,1780,2,09-05-2023
1575,101,1849,4,23-02-2023
1576,1120,1081,5,11-11-2023
1577,1476,1113,2,04-08-2023
1578,1191,1875,3,17-03-2023
1579,554,929,5,09-04-2023
1580,904,825,3,05-06-2023
1581,1322,1707,2,10-09-2023
1582,994,809,4,09-04-2023
1583,1163,689,4,29-09-2023
1584,700,1850,2,20-04-2023
1585,372,346,5,28-11-2023
1586,265,1140,1,04-11-2023
1587,649,1585,1,28-08-2023
1588,1640,1714,3,14-11-2023
1589,893,1923,3,28-02-2023
1590,655,642,1,03-07-2023
1591,225,216,4,10-06-2023
1592,1536,44,5,10-01-2023
1593,568,1253,2,12-01-2023
1594,1698,289,1,09-05-2023
1595,1671,1160,5,05-12-2023
1596,1473,1663,5,26-12-2023
1597,433,1936,3,03-04-2023
1598,1037,1575,5,29-04-2023
1599,214,1127,1,11-02-2023
1600,1943,1806,1,09-01-2023
1601,383,217,3,12-10-2023
1602,1121,436,5,21-02-2023
1603,652,1459,5,19-11-2023
1604,1676,477,5,19-05-2023
1605,831,1779,1,08-08-2023
1606,575,622,5,18-06-2023
1607,1346,19,3,16-08-2023
1608,1187,668,5,07-05-2023
1609,918,1021,3,10-12-2023
1610,857,1634,3,23-06-2023
1611,425,1766,5,21-04-2023
1612,946,308,5,07-08-2023
1613,805,478,2,03-12-2023
1614,212,220,2,14-04-2023
1615,675,1553,1,10-05-2023
1616,482,594,1,07-03-2023
1617,841,1229,1,06-08-2023
1618,926,1576,2,24-05-2023
1619,1159,246,5,08-10-2023
1620,1192,34,2,12-07-2023
1621,1733,1083,1,17-01-2023
1622,696,1171,4,27-08-2023
1623,536,1758,5,31-10-2023
1624,420,276,4,31-07-2023
1625,878,775,1,27-04-2023
1626,447,632,4,14-08-2023
1627,1890,170,4,11-02-2023
1628,1134,408,3,30-01-2023
1629,1514,1121,5,09-10-2023
1630,1074,1828,4,06-10-2023
1631,687,645,5,25-02-2023
1632,272,1693,2,04-03-2023
1633,534,442,1,01-04-2023
1634,1092,426,3,14-03-2023
1635,110,150,5,04-04-2023
1636,709,1052,1,08-05-2023
1637,441,1905,3,01-01-2024
1638,282,1631,5,18-06-2023
1639,627,1797,5,15-10-2023
1640,1707,580,3,10-04-2023
1641,438,1900,5,09-08-2023
1642,427,1552,3,25-05-2023
1643,1609,1908,1,12-05-2023
1644,1967,1950,3,27-04-2023
1645,758,1105,2,03-10-2023
1646,1850,587,1,17-06-2023
1647,1580,1972,4,18-01-2023
1648,1815,638,2,10-02-2023
1649,1910,921,1,19-07-2023
1650,404,1755,3,13-11-2023
1651,588,1533,5,08-05-2023
1652,802,324,5,27-03-2023
1653,1461,645,5,18-03-2023
1654,1483,1354,4,05-08-2023
1655,1827,1994,1,16-02-2023
1656,447,300,5,01-07-2023
1657,1056,113,4,22-08-2023
1658,1971,451,4,23-12-2023
1659,1251,1853,5,30-08-2023
1660,1466,1500,1,05-05-2023
1661,1414,1830,4,09-03-2023
1662,1182,805,1,07-02-2023
1663,1927,1065,2,07-03-2023
1664,1108,1678,1,29-12-2023
1665,27,883,1,26-08-2023
1666,1630,1563,2,04-11-2023
1667,1582,86,1,28-12-2023
1668,722,195,5,04-02-2023
1669,465,863,4,21-03-2023
1670,399,1279,5,27-12-2023
1671,1304,1998,1,15-08-2023
1672,1691,41,4,31-01-2023
1673,1644,1320,3,06-10-2023
1674,374,99,5,27-06-2023
1675,572,664,4,24-01-2023
1676,1300,412,3,28-08-2023
1677,140,1927,1,28-10-2023
1678,1530,1675,5,28-02-2023
1679,917,1962,4,21-06-2023
1680,411,524,1,06-09-2023
1681,917,509,3,03-05-2023
1682,1271,954,4,14-11-2023
1683,858,1413,3,10-06-2023
1684,795,763,4,24-09-2023
1685,227,1658,1,03-05-2023
1686,262,746,1,27-11-2023
1687,1319,1497,1,05-03-2023
1688,189,1995,4,16-06-2023
1689,160,1936,4,23-07-2023
1690,210,1366,3,09-03-2023
1691,1759,1633,4,17-09-2023
1692,1104,1272,5,20-10-2023
1693,1108,1659,3,02-08-2023
1694,1914,1938,4,02-09-2023
1695,1907,1338,2,04-09-2023
1696,1785,1276,1,04-02-2023
1697,224,267,5,11-06-2023
1698,781,82,5,30-04-2023
1699,1475,229,4,10-12-2023
1700,1875,616,4,14-07-2023
1701,204,1168,1,23-01-2023
1702,1758,1534,4,30-12-2023
1703,245,1730,1,04-01-2023
1704,947,1152,1,04-06-2023
1705,28,1870,2,20-09-2023
1706,328,285,3,01-01-2023
1707,424,1496,5,01-06-2023
1708,1237,1067,3,10-11-2023
1709,1425,180,3,02-01-2023
1710,1562,695,2,01-09-2023
1711,1089,689,3,12-03-2023
1712,1375,1156,2,05-11-2023
1713,506,762,1,25-05-2023
1714,399,292,3,02-06-2023
1715,385,92,2,18-04-2023
1716,563,1648,5,22-11-2023
1717,886,1635,4,26-02-2023
1718,1973,754,3,09-06-2023
1719,881,708,2,24-05-2023
1720,666,845,2,12-12-2023
1721,851,1495,2,31-10-2023
1722,60,1406,3,01-04-2023
1723,1950,394,5,08-11-2023
1724,1620,1828,3,21-02-2023
1725,467,1791,5,25-01-2023
1726,1559,1797,1,18-09-2023
1727,22,618,4,06-10-2023
1728,1677,1958,1,23-05-2023
1729,1860,435,3,03-05-2023
1730,830,1478,1,18-06-2023
1731,811,990,2,28-05-2023
1732,645,264,3,23-10-2023
1733,1482,198,4,15-08-2023
1734,643,646,5,03-01-2023
1735,1416,1721,2,22-10-2023
1736,1862,1165,4,03-02-2023
1737,725,152,1,27-10-2023
1738,60,1197,2,06-04-2023
1739,1606,1314,3,28-04-2023
1740,537,1064,1,20-08-2023
1741,966,1825,2,18-11-2023
1742,841,165,5,02-06-2023
1743,523,951,2,15-09-2023
1744,354,197,2,04-02-2023
1745,1466,589,4,27-06-2023
1746,155,1156,3,12-11-2023
1747,1256,1412,2,26-08-2023
1748,1009,924,5,16-11-2023
1749,196,1891,5,12-05-2023
1750,1538,507,2,17-03-2023
1751,1750,1287,5,02-01-2023
1752,1661,1984,3,28-08-2023
1753,1484,835,2,11-11-2023
1754,661,766,3,16-06-2023
1755,1682,758,3,20-08-2023
1756,1174,1725,2,04-10-2023
1757,187,90,4,14-11-2023
1758,1592,699,1,08-08-2023
1759,439,1388,1,04-01-2023
1760,1988,1328,4,05-06-2023
1761,1409,373,4,22-11-2023
1762,1194,1566,3,15-02-2023
1763,1032,114,5,19-11-2023
1764,1240,1437,2,03-07-2023
1765,428,1323,5,11-09-2023
1766,906,572,2,11-02-2023
1767,474,1887,2,23-11-2023
1768,146,1433,1,16-05-2023
1769,1295,1499,5,23-08-2023
1770,973,776,5,13-06-2023
1771,680,872,2,18-09-2023
1772,584,1688,1,10-03-2023
1773,871,344,5,19-02-2023
1774,594,1325,4,28-10-2023
1775,1642,255,5,28-01-2023
1776,245,1855,2,25-04-2023
1777,1361,1469,2,22-03-2023
1778,1338,1019,2,11-04-2023
1779,1381,407,1,23-12-2023
1780,24,1794,5,15-02-2023
1781,403,244,2,21-05-2023
1782,650,1913,2,27-01-2023
1783,528,1344,5,26-08-2023
1784,1444,724,1,04-11-2023
1785,823,94,2,24-05-2023
1786,132,1544,2,17-05-2023
1787,964,81,5,15-02-2023
1788,1120,1364,1,23-11-2023
1789,162,288,2,15-01-2023
1790,1716,555,2,14-05-2023
1791,1150,1679,3,18-09-2023
1792,1700,118,5,26-06-2023
1793,1707,1304,1,02-08-2023
1794,1317,1357,5,28-12-2023
1795,808,1091,1,08-01-2023
1796,976,1912,5,14-12-2023
1797,1921,1108,5,14-02-2023
1798,1832,231,4,22-02-2023
1799,1028,1108,5,17-12-2023
1800,1836,897,3,06-11-2023
1801,1935,1498,3,09-12-2023
1802,1555,1187,2,30-06-2023
1803,1384,961,1,21-09-2023
1804,1844,1775,4,18-02-2023
1805,483,1077,5,09-12-2023
1806,1476,1417,1,22-05-2023
1807,272,1639,5,27-10-2023
1808,540,433,5,14-02-2023
1809,397,405,2,31-08-2023
1810,1727,86,3,27-07-2023
1811,288,690,1,23-08-2023
1812,1198,15,3,21-05-2023
1813,323,788,2,12-08-2023
1814,466,1852,2,14-12-2023
1815,1909,62,3,09-03-2023
1816,1844,549,4,10-02-2023
1817,1075,1993,5,13-08-2023
1818,274,753,3,23-10-2023
1819,1237,1211,2,10-02-2023
1820,1857,1463,5,14-06-2023
1821,103,98,3,03-12-2023
1822,132,1794,2,10-12-2023
1823,1734,1787,3,20-10-2023
1824,662,1702,4,01-10-2023
1825,483,1908,4,02-01-2023
1826,431,706,2,21-09-2023
1827,1939,398,3,01-02-2023
1828,562,562,1,13-10-2023
1829,861,1942,1,01-01-2024
1830,269,307,1,13-10-2023
1831,1640,1202,1,28-01-2023
1832,34,865,3,19-05-2023
1833,1119,161,2,14-06-2023
1834,257,464,4,07-02-2023
1835,353,1284,2,21-09-2023
1836,69,1896,5,06-02-2023
1837,75,1407,4,27-05-2023
1838,306,1430,4,14-04-2023
1839,1859,139,1,11-12-2023
1840,1853,1184,1,12-04-2023
1841,1707,969,4,04-08-2023
1842,42,939,5,26-05-2023
1843,1857,644,1,19-04-2023
1844,686,1295,2,01-03-2023
1845,1306,557,4,10-09-2023
1846,1442,1719,4,20-07-2023
1847,1999,1743,3,10-01-2023
1848,550,321,2,07-10-2023
1849,76,1679,3,24-03-2023
1850,542,1217,3,07-01-2023
1851,1240,800,1,25-03-2023
1852,1597,767,3,18-05-2023
1853,729,798,4,08-12-2023
1854,941,837,3,06-04-2023
1855,658,1949,4,05-08-2023
1856,1654,228,4,07-08-2023
1857,79,1676,2,10-02-2023
1858,1500,107,1,07-11-2023
1859,1763,948,4,15-11-2023
1860,140,1696,3,14-08-2023
1861,1059,1762,5,10-12-2023
1862,1783,955,2,22-07-2023
1863,697,393,4,24-07-2023
1864,1557,1230,1,02-02-2023
1865,1268,1380,1,21-05-2023
1866,165,643,5,24-06-2023
1867,962,1055,5,06-03-2023
1868,446,1808,5,15-06-2023
1869,852,866,4,25-03-2023
1870,935,313,2,31-08-2023
1871,1948,802,2,05-09-2023
1872,282,909,4,05-11-2023
1873,1771,45,5,26-01-2023
1874,290,147,5,07-12-2023
1875,1439,301,2,26-04-2023
1876,891,1142,5,22-12-2023
1877,1896,1777,2,11-03-2023
1878,1236,998,2,23-11-2023
1879,1276,440,2,01-01-2023
1880,41,752,3,02-03-2023
1881,1360,1442,5,07-04-2023
1882,79,26,2,30-07-2023
1883,7,1605,1,08-03-2023
1884,1244,187,5,14-09-2023
1885,888,683,4,02-12-2023
1886,608,84,2,15-12-2023
1887,1058,1784,5,14-01-2023
1888,1588,1492,4,21-09-2023
1889,1418,1567,5,10-09-2023
1890,561,98,5,28-05-2023
1891,1775,1597,1,13-03-2023
1892,473,1804,1,27-12-2023
1893,1353,617,5,11-09-2023
1894,1302,234,3,18-09-2023
1895,1814,1865,1,09-11-2023
1896,1097,1526,5,06-08-2023
1897,1376,1321,3,11-02-2023
1898,1784,1754,3,24-11-2023
1899,1413,1398,3,29-07-2023
1900,586,1277,5,23-04-2023
1901,1298,760,1,01-08-2023
1902,335,513,3,15-07-2023
1903,1060,18,5,01-12-2023
1904,952,1624,5,01-09-2023
1905,1652,289,4,23-03-2023
1906,752,1898,4,03-10-2023
1907,317,138,1,23-07-2023
1908,1751,129,3,18-05-2023
1909,600,1415,2,24-07-2023
1910,461,1419,1,24-01-2023
1911,413,1515,3,29-09-2023
1912,1986,1806,1,28-03-2023
1913,91,588,1,24-10-2023
1914,231,73,5,11-07-2023
1915,484,572,4,22-06-2023
1916,1500,1234,4,25-03-2023
1917,1812,369,2,29-04-2023
1918,506,1378,4,18-06-2023
1919,902,312,1,17-07-2023
1920,1384,1633,1,02-07-2023
1921,339,1439,1,26-07-2023
1922,857,932,5,08-02-2023
1923,1821,1541,3,17-01-2023
1924,504,743,4,02-02-2023
1925,449,851,5,19-01-2023
1926,93,1614,4,28-02-2023
1927,673,532,2,04-01-2023
1928,465,999,1,07-06-2023
1929,1891,1011,4,07-10-2023
1930,1362,1149,5,12-01-2023
1931,483,403,1,24-07-2023
1932,1924,1373,3,16-12-2023
1933,1048,962,5,23-05-2023
1934,1333,1091,3,18-12-2023
1935,407,1859,3,16-12-2023
1936,733,66,5,02-12-2023
1937,905,1160,2,13-06-2023
1938,1417,1635,1,07-12-2023
1939,1576,1675,1,25-12-2023
1940,143,437,5,18-08-2023
1941,395,1133,5,18-10-2023
1942,1716,749,3,04-07-2023
1943,1864,623,4,19-07-2023
1944,770,1613,5,06-04-2023
1945,653,341,1,24-11-2023
1946,1810,1549,3,28-10-2023
1947,1115,1995,4,07-02-2023
1948,304,1418,1,16-11-2023
1949,1095,1730,2,31-10-2023
1950,1951,1610,2,07-12-2023
1951,860,88,5,02-08-2023
1952,1786,1569,4,19-12-2023
1953,1050,270,2,06-10-2023
1954,1076,768,3,24-04-2023
1955,1034,1548,4,09-09-2023
1956,1643,290,2,14-12-2023
1957,103,1138,3,23-01-2023
1958,900,38,2,26-06-2023
1959,1633,1911,5,08-07-2023
1960,1694,1741,2,08-12-2023
1961,1487,1270,4,12-09-2023
1962,571,543,1,06-08-2023
1963,210,1022,1,11-07-2023
1964,292,1553,2,04-12-2023
1965,71,1352,5,18-01-2023
1966,1678,168,2,23-09-2023
1967,1730,1720,3,22-02-2023
1968,1393,1749,2,16-07-2023
1969,1616,625,4,22-05-2023
1970,716,1063,5,29-05-2023
1971,1761,771,2,07-01-2023
1972,1865,309,4,08-10-2023
1973,1094,1475,4,18-03-2023
1974,119,1470,4,23-03-2023
1975,912,439,1,02-07-2023
1976,1837,930,1,27-09-2023
1977,769,1277,4,18-01-2023
1978,1653,1971,5,22-05-2023
1979,1289,1446,5,14-04-2023
1980,293,1815,4,11-03-2023
1981,1801,461,2,19-01-2023
1982,1280,1025,4,28-05-2023
1983,1942,1103,1,15-11-2023
1984,283,1866,2,05-12-2023
1985,161,492,1,30-08-2023
1986,1544,1162,1,21-09-2023
1987,1125,935,4,20-01-2023
1988,1130,1714,4,23-03-2023
1989,777,174,5,28-12-2023
1990,1780,710,2,02-06-2023
1991,1256,1978,4,30-11-2023
1992,8,1231,2,27-11-2023
1993,873,1462,5,15-07-2023
1994,1684,1178,3,13-09-2023
1995,1883,1523,2,07-02-2023
1996,1308,561,5,09-02-2023
1997,21,321,3,06-08-2023
1998,102,1338,4,26-06-2023
1999,929,800,3,18-05-2023
2000,688,1851,5,25-11-2023
